--
-- PostgreSQL database dump
--

-- Dumped from database version 15.1 (Debian 15.1-1.pgdg110+1)
-- Dumped by pg_dump version 15.1

-- Started on 2023-01-16 17:17:18

SET statement_timeout = 0;
SET lock_timeout = 0;
SET idle_in_transaction_session_timeout = 0;
SET client_encoding = 'UTF8';
SET standard_conforming_strings = on;
SELECT pg_catalog.set_config('search_path', '', false);
SET check_function_bodies = false;
SET xmloption = content;
SET client_min_messages = warning;
SET row_security = off;

DROP DATABASE IF EXISTS AdventureWorks;
CREATE DATABASE AdventureWorks WITH TEMPLATE = template0 ENCODING = 'UTF8' LOCALE_PROVIDER = libc LOCALE = 'en_US.utf8';
ALTER DATABASE AdventureWorks OWNER TO postgres;

\connect AdventureWorks

SET statement_timeout = 0;
SET lock_timeout = 0;
SET idle_in_transaction_session_timeout = 0;
SET client_encoding = 'UTF8';
SET standard_conforming_strings = on;
SELECT pg_catalog.set_config('search_path', '', false);
SET check_function_bodies = false;
SET xmloption = content;
SET client_min_messages = warning;
SET row_security = off;

--
-- TOC entry 6 (class 2615 OID 974849)
-- Name: SalesLT; Type: SCHEMA; Schema: -; Owner: postgres
--

CREATE SCHEMA "SalesLT";


ALTER SCHEMA "SalesLT" OWNER TO postgres;

SET default_tablespace = '';

SET default_table_access_method = heap;

--
-- TOC entry 231 (class 1259 OID 974951)
-- Name: Product; Type: TABLE; Schema: SalesLT; Owner: postgres
--

CREATE TABLE "SalesLT"."Product" (
    "ProductID" uuid NOT NULL,
    "Name" character varying(50) NOT NULL,
    "ProductNumber" character varying(25),
    "Color" character varying(15),
    "StandardCost" numeric,
    "ListPrice" numeric,
    "Size" character varying(5),
    "Weight" numeric(8,2),
    "ProductCategoryID" character varying(12),
    "ProductModelID" integer,
    "SellStartDate" timestamp with time zone,
    "SellEndDate" timestamp with time zone,
    "DiscontinuedDate" timestamp with time zone,
    "ThumbNailPhoto" bytea,
    "ThumbnailPhotoFileName" character varying(50),
    rowguid uuid,
    "ModifiedDate" timestamp with time zone DEFAULT now()
);


ALTER TABLE "SalesLT"."Product" OWNER TO postgres;

--
-- TOC entry 223 (class 1259 OID 974884)
-- Name: ProductCategory; Type: TABLE; Schema: SalesLT; Owner: postgres
--

CREATE TABLE "SalesLT"."ProductCategory" (
    "ProductCategoryID" character varying(12) NOT NULL,
    "ParentProductCategoryId" character varying(12),
    "Name" character varying(50) NOT NULL,
    rowguid uuid,
    "ModifiedDate" timestamp with time zone DEFAULT now(),
    "Attribute With Space" character varying(250)
);


ALTER TABLE "SalesLT"."ProductCategory" OWNER TO postgres;

--
-- TOC entry 225 (class 1259 OID 974896)
-- Name: ProductModel; Type: TABLE; Schema: SalesLT; Owner: postgres
--

CREATE TABLE "SalesLT"."ProductModel" (
    "ProductModelID" integer NOT NULL,
    "Name" character varying(50) NOT NULL,
    "CatalogDescription" text,
    rowguid uuid,
    "ModifiedDate" timestamp with time zone DEFAULT now()
);


ALTER TABLE "SalesLT"."ProductModel" OWNER TO postgres;

--
-- TOC entry 224 (class 1259 OID 974895)
-- Name: ProductModel_ProductModelID_seq; Type: SEQUENCE; Schema: SalesLT; Owner: postgres
--

ALTER TABLE "SalesLT"."ProductModel" ALTER COLUMN "ProductModelID" ADD GENERATED BY DEFAULT AS IDENTITY (
    SEQUENCE NAME "SalesLT"."ProductModel_ProductModelID_seq"
    START WITH 1
    INCREMENT BY 1
    NO MINVALUE
    NO MAXVALUE
    CACHE 1
);


--
-- TOC entry 238 (class 1259 OID 975045)
-- Name: SalesOrderDetail; Type: TABLE; Schema: SalesLT; Owner: postgres
--

CREATE TABLE "SalesLT"."SalesOrderDetail" (
    "SalesOrderDetailID" integer NOT NULL,
    "SalesOrderID" integer NOT NULL,
    "OrderQty" smallint NOT NULL,
    "ProductID" uuid NOT NULL,
    "UnitPrice" numeric NOT NULL,
    "UnitPriceDiscount" numeric NOT NULL,
    "LineTotal" numeric,
    rowguid uuid,
    "ModifiedDate" timestamp with time zone DEFAULT now()
);


ALTER TABLE "SalesLT"."SalesOrderDetail" OWNER TO postgres;

--
-- TOC entry 237 (class 1259 OID 975044)
-- Name: SalesOrderDetail_SalesOrderDetailID_seq; Type: SEQUENCE; Schema: SalesLT; Owner: postgres
--

ALTER TABLE "SalesLT"."SalesOrderDetail" ALTER COLUMN "SalesOrderDetailID" ADD GENERATED BY DEFAULT AS IDENTITY (
    SEQUENCE NAME "SalesLT"."SalesOrderDetail_SalesOrderDetailID_seq"
    START WITH 1
    INCREMENT BY 1
    NO MINVALUE
    NO MAXVALUE
    CACHE 1
);


--
-- TOC entry 235 (class 1259 OID 975001)
-- Name: SalesOrderHeader; Type: TABLE; Schema: SalesLT; Owner: postgres
--

CREATE TABLE "SalesLT"."SalesOrderHeader" (
    "SalesOrderID" integer NOT NULL,
    "RevisionNumber" smallint NOT NULL,
    "OrderDate" timestamp with time zone,
    "DueDate" timestamp with time zone,
    "ShipDate" timestamp with time zone,
    "Status" smallint DEFAULT 1 NOT NULL,
    "OnlineOrderFlag" boolean DEFAULT true,
    "SalesOrderNumber" character varying(25) DEFAULT 'SO-XXXX'::character varying NOT NULL,
    "PurchaseOrderNumber" character varying(25),
    "AccountNumber" character varying(15),
    "CustomerID" uuid NOT NULL,
    "ShipToAddressID" integer,
    "BillToAddressID" integer,
    "ShipMethod" character varying(50) NOT NULL,
    "CreditCardApprovalCode" character varying(15),
    "SubTotal" numeric DEFAULT 0 NOT NULL,
    "TaxAmt" numeric DEFAULT 0 NOT NULL,
    "Freight" numeric DEFAULT 0 NOT NULL,
    "TotalDue" numeric DEFAULT 0 NOT NULL,
    "Comment" text,
    rowguid uuid,
    "ModifiedDate" timestamp with time zone DEFAULT now()
);


ALTER TABLE "SalesLT"."SalesOrderHeader" OWNER TO postgres;

--
-- TOC entry 234 (class 1259 OID 975000)
-- Name: SalesOrderHeader_SalesOrderID_seq; Type: SEQUENCE; Schema: SalesLT; Owner: postgres
--

ALTER TABLE "SalesLT"."SalesOrderHeader" ALTER COLUMN "SalesOrderID" ADD GENERATED BY DEFAULT AS IDENTITY (
    SEQUENCE NAME "SalesLT"."SalesOrderHeader_SalesOrderID_seq"
    START WITH 1
    INCREMENT BY 1
    NO MINVALUE
    NO MAXVALUE
    CACHE 1
);


--
-- TOC entry 216 (class 1259 OID 974851)
-- Name: Address; Type: TABLE; Schema: public; Owner: postgres
--

CREATE TABLE public."Address" (
    "AddressID" integer NOT NULL,
    "AddressLine1" text NOT NULL,
    "AddressLine2" text,
    "City" character varying(30),
    "StateProvince" character varying(50),
    "CountryRegion" character varying(50),
    "PostalCode" character varying(15),
    rowguid uuid,
    "ModifiedDate" timestamp with time zone DEFAULT now()
);


ALTER TABLE public."Address" OWNER TO postgres;

--
-- TOC entry 215 (class 1259 OID 974850)
-- Name: Address_AddressID_seq; Type: SEQUENCE; Schema: public; Owner: postgres
--

ALTER TABLE public."Address" ALTER COLUMN "AddressID" ADD GENERATED BY DEFAULT AS IDENTITY (
    SEQUENCE NAME public."Address_AddressID_seq"
    START WITH 1
    INCREMENT BY 1
    NO MINVALUE
    NO MAXVALUE
    CACHE 1
);


--
-- TOC entry 228 (class 1259 OID 974912)
-- Name: Customer; Type: TABLE; Schema: public; Owner: postgres
--

CREATE TABLE public."Customer" (
    "CustomerID" uuid NOT NULL,
    "EmployeeID" integer,
    "NameStyle" boolean NOT NULL,
    "Title" character varying(8),
    "FirstName" character varying(50) NOT NULL,
    "MiddleName" character varying(50),
    "LastName" character varying(50) NOT NULL,
    "Suffix" character varying(10),
    "CompanyName" character varying(128),
    "SalesPerson" character varying(256),
    "EmailAddress" character varying(50),
    "Phone" character varying(25),
    "PasswordHash" character varying(128),
    "PasswordSalt" character varying(10),
    rowguid uuid,
    "ModifiedDate" timestamp with time zone DEFAULT now(),
    "Attribute With Space" character varying(250)
);


ALTER TABLE public."Customer" OWNER TO postgres;

--
-- TOC entry 233 (class 1259 OID 974984)
-- Name: CustomerAddress; Type: TABLE; Schema: public; Owner: postgres
--

CREATE TABLE public."CustomerAddress" (
    "CustomerID" uuid NOT NULL,
    "AddressID" integer NOT NULL,
    "AddressType" character varying(50) NOT NULL,
    rowguid uuid,
    "ModifiedDate" timestamp with time zone DEFAULT now()
);


ALTER TABLE public."CustomerAddress" OWNER TO postgres;

--
-- TOC entry 218 (class 1259 OID 974860)
-- Name: Employee; Type: TABLE; Schema: public; Owner: postgres
--

CREATE TABLE public."Employee" (
    "EmployeeId" integer NOT NULL,
    "FirstName" character varying(50) NOT NULL,
    "LastName" character varying(50) NOT NULL,
    rowguid uuid,
    "ModifiedDate" timestamp with time zone DEFAULT now()
);


ALTER TABLE public."Employee" OWNER TO postgres;

--
-- TOC entry 229 (class 1259 OID 974925)
-- Name: EmployeeAddress; Type: TABLE; Schema: public; Owner: postgres
--

CREATE TABLE public."EmployeeAddress" (
    "EmployeeID" integer NOT NULL,
    "AddressID" integer NOT NULL,
    "AddressType" character varying(50) NOT NULL,
    rowguid uuid,
    "ModifiedDate" timestamp with time zone DEFAULT now()
);


ALTER TABLE public."EmployeeAddress" OWNER TO postgres;

--
-- TOC entry 217 (class 1259 OID 974859)
-- Name: Employee_EmployeeId_seq; Type: SEQUENCE; Schema: public; Owner: postgres
--

ALTER TABLE public."Employee" ALTER COLUMN "EmployeeId" ADD GENERATED BY DEFAULT AS IDENTITY (
    SEQUENCE NAME public."Employee_EmployeeId_seq"
    START WITH 1
    INCREMENT BY 1
    NO MINVALUE
    NO MAXVALUE
    CACHE 1
);


--
-- TOC entry 219 (class 1259 OID 974866)
-- Name: Log; Type: TABLE; Schema: public; Owner: postgres
--

CREATE TABLE public."Log" (
    "Oid" uuid NOT NULL,
    "TimeStampDate" timestamp with time zone,
    "Operation" character varying(50),
    "ErrorDescription" character varying(50),
    "OptimisticLockField" integer,
    "GCRecord" integer
);


ALTER TABLE public."Log" OWNER TO postgres;

--
-- TOC entry 232 (class 1259 OID 974969)
-- Name: PostTag; Type: TABLE; Schema: public; Owner: postgres
--

CREATE TABLE public."PostTag" (
    "PostId" integer NOT NULL,
    "TagId" integer NOT NULL
);


ALTER TABLE public."PostTag" OWNER TO postgres;

--
-- TOC entry 221 (class 1259 OID 974872)
-- Name: Posts; Type: TABLE; Schema: public; Owner: postgres
--

CREATE TABLE public."Posts" (
    "PostId" integer NOT NULL,
    "Title" text
);


ALTER TABLE public."Posts" OWNER TO postgres;

--
-- TOC entry 220 (class 1259 OID 974871)
-- Name: Posts_PostId_seq; Type: SEQUENCE; Schema: public; Owner: postgres
--

ALTER TABLE public."Posts" ALTER COLUMN "PostId" ADD GENERATED BY DEFAULT AS IDENTITY (
    SEQUENCE NAME public."Posts_PostId_seq"
    START WITH 1
    INCREMENT BY 1
    NO MINVALUE
    NO MAXVALUE
    CACHE 1
);


--
-- TOC entry 222 (class 1259 OID 974879)
-- Name: PricesList; Type: TABLE; Schema: public; Owner: postgres
--

CREATE TABLE public."PricesList" (
    "PriceListId" uuid NOT NULL,
    "Description" character varying(50) NOT NULL,
    "From" timestamp with time zone,
    "To" timestamp with time zone
);


ALTER TABLE public."PricesList" OWNER TO postgres;

--
-- TOC entry 230 (class 1259 OID 974941)
-- Name: PricesListCategory; Type: TABLE; Schema: public; Owner: postgres
--

CREATE TABLE public."PricesListCategory" (
    "PriceListId" uuid NOT NULL,
    "PriceCategoryId" character varying(12) NOT NULL
);


ALTER TABLE public."PricesListCategory" OWNER TO postgres;

--
-- TOC entry 236 (class 1259 OID 975031)
-- Name: PricesListDetail; Type: TABLE; Schema: public; Owner: postgres
--

CREATE TABLE public."PricesListDetail" (
    "PriceListId" uuid NOT NULL,
    "PriceCategoryId" character varying(12) NOT NULL,
    "PriceListDettailId" uuid NOT NULL,
    "ProductId" uuid NOT NULL,
    "ProductDescription" character varying(50) NOT NULL,
    "Amount" numeric NOT NULL,
    "Discount" numeric NOT NULL,
    "Total" numeric GENERATED ALWAYS AS (("Amount" - "Discount")) STORED,
    "MinQuantity" integer
);


ALTER TABLE public."PricesListDetail" OWNER TO postgres;

--
-- TOC entry 227 (class 1259 OID 974905)
-- Name: Tags; Type: TABLE; Schema: public; Owner: postgres
--

CREATE TABLE public."Tags" (
    "TagId" integer NOT NULL,
    "Text" text
);


ALTER TABLE public."Tags" OWNER TO postgres;

--
-- TOC entry 226 (class 1259 OID 974904)
-- Name: Tags_TagId_seq; Type: SEQUENCE; Schema: public; Owner: postgres
--

ALTER TABLE public."Tags" ALTER COLUMN "TagId" ADD GENERATED BY DEFAULT AS IDENTITY (
    SEQUENCE NAME public."Tags_TagId_seq"
    START WITH 1
    INCREMENT BY 1
    NO MINVALUE
    NO MAXVALUE
    CACHE 1
);


--
-- TOC entry 3493 (class 0 OID 974951)
-- Dependencies: 231
-- Data for Name: Product; Type: TABLE DATA; Schema: SalesLT; Owner: postgres
--

INSERT INTO "SalesLT"."Product" VALUES ('2c78e441-69be-46c5-a281-45b690cd1d35', 'Road-150 Red, 62', 'BK-R93R-62', 'Red', 2171.2942, 3578.27, '62', 6803.85, 'ROADB', 25, NULL, NULL, NULL, NULL, NULL, NULL, '2023-01-16 16:16:33.140211+00');
INSERT INTO "SalesLT"."Product" VALUES ('38b14be6-8d4c-4f1c-804f-c5bba0785a30', 'HL Road Frame - Black, 58', 'FR-R92B-58', 'Black', 1059.31, 1431.5, '58', 1016.04, 'ROADFR', 6, NULL, NULL, NULL, NULL, NULL, NULL, '2023-01-16 16:16:33.140211+00');
INSERT INTO "SalesLT"."Product" VALUES ('3b2ab0e5-0def-4cc2-8f0c-afbe656f21a6', 'Mountain-200 Black, 46', 'BK-M68B-46', 'Black', 1251.9813, 2294.99, '46', 10945.13, 'MOUNTB', 20, NULL, NULL, NULL, NULL, NULL, NULL, '2023-01-16 16:16:33.140211+00');
INSERT INTO "SalesLT"."Product" VALUES ('3df09f4a-6392-45f4-a672-1f7ec1dfa1c7', 'HL Road Frame - Red, 58', 'FR-R92R-58', 'Red', 1059.31, 1431.5, '58', 1016.04, 'ROADFR', 6, NULL, NULL, NULL, NULL, NULL, NULL, '2023-01-16 16:16:33.140211+00');
INSERT INTO "SalesLT"."Product" VALUES ('4aebc573-08ef-466f-b54f-6fa1383ecd6b', 'Mountain-200 Black, 42', 'BK-M68B-42', 'Black', 1251.9813, 2294.99, '42', 10781.83, 'MOUNTB', 20, NULL, NULL, NULL, NULL, NULL, NULL, '2023-01-16 16:16:33.140211+00');
INSERT INTO "SalesLT"."Product" VALUES ('4e3df4db-e39b-4f4b-9b65-a9daf23af484', 'Mountain-200 Black, 38', 'BK-M68B-38', 'Black', 1251.9813, 2294.99, '38', 10591.33, 'MOUNTB', 20, NULL, NULL, NULL, NULL, NULL, NULL, '2023-01-16 16:16:33.140211+00');
INSERT INTO "SalesLT"."Product" VALUES ('515b49ce-92ce-4417-8509-f7f46a75010b', 'Mountain-200 Silver, 38', 'BK-M68S-38', 'Silver', 1265.6195, 2319.99, '38', 10591.33, 'MOUNTB', 20, NULL, NULL, NULL, NULL, NULL, NULL, '2023-01-16 16:16:33.140211+00');
INSERT INTO "SalesLT"."Product" VALUES ('67195182-fdf6-4390-8963-597cb693f3a6', 'Road-650 Black, 58', 'BK-R50B-58', 'Black', 486.7066, 782.99, '58', 8976.55, 'ROADB', 30, NULL, NULL, NULL, NULL, NULL, NULL, '2023-01-16 16:16:33.140211+00');
INSERT INTO "SalesLT"."Product" VALUES ('9e8febe3-64a7-425f-8b51-9014d8ea480d', 'ML Mountain Handlebars', 'HB-M763', NULL, 27.4925, 61.92, NULL, NULL, 'HANDLB', 54, NULL, NULL, NULL, NULL, NULL, NULL, '2023-01-16 16:16:33.140211+00');
INSERT INTO "SalesLT"."Product" VALUES ('a235d6cd-2e52-4915-834f-fa6921cb66bd', 'LL Mountain Handlebars', 'HB-M243', NULL, 19.7758, 44.54, NULL, NULL, 'HANDLB', 52, NULL, NULL, NULL, NULL, NULL, NULL, '2023-01-16 16:16:33.140211+00');
INSERT INTO "SalesLT"."Product" VALUES ('a7b46034-2f7a-4d07-ae73-d489682a7671', 'Mountain-300 Black, 38', 'BK-M47B-38', 'Black', 598.4354, 1079.99, '38', 11498.51, 'MOUNTB', 21, NULL, NULL, NULL, NULL, NULL, NULL, '2023-01-16 16:16:33.140211+00');
INSERT INTO "SalesLT"."Product" VALUES ('b70bf0da-8d6b-4476-a61d-f11cccb4767b', 'Mountain-100 Black, 38', 'BK-M82B-38', 'Black', 1898.0944, 3374.99, '38', 9230.56, 'MOUNTB', 19, NULL, NULL, NULL, NULL, NULL, NULL, '2023-01-16 16:16:33.140211+00');
INSERT INTO "SalesLT"."Product" VALUES ('d00b1dbc-3163-4eeb-bbd9-9373afde9c02', 'HL Mountain Handlebars', 'HB-M918', NULL, 53.3999, 120.27, NULL, NULL, 'HANDLB', 55, NULL, NULL, NULL, NULL, NULL, NULL, '2023-01-16 16:16:33.140211+00');
INSERT INTO "SalesLT"."Product" VALUES ('d4276e3d-b9b3-4097-97f2-d0f3be49b209', 'Mountain-100 Silver, 38', 'BK-M82S-38', 'Silver', 1912.1544, 3399.99, '38', 9230.56, 'MOUNTB', 19, NULL, NULL, NULL, NULL, NULL, NULL, '2023-01-16 16:16:33.140211+00');


--
-- TOC entry 3485 (class 0 OID 974884)
-- Dependencies: 223
-- Data for Name: ProductCategory; Type: TABLE DATA; Schema: SalesLT; Owner: postgres
--

INSERT INTO "SalesLT"."ProductCategory" VALUES ('A_ACCESS', NULL, 'Accessories', NULL, '2023-01-16 16:16:33.140211+00', NULL);
INSERT INTO "SalesLT"."ProductCategory" VALUES ('A_BIKES', NULL, 'Bikes', NULL, '2023-01-16 16:16:33.140211+00', NULL);
INSERT INTO "SalesLT"."ProductCategory" VALUES ('A_CLOTHE', NULL, 'Clothing', NULL, '2023-01-16 16:16:33.140211+00', NULL);
INSERT INTO "SalesLT"."ProductCategory" VALUES ('A_COMPT', NULL, 'Components', NULL, '2023-01-16 16:16:33.140211+00', NULL);
INSERT INTO "SalesLT"."ProductCategory" VALUES ('BRACK', 'A_COMPT', 'Bottom Brackets', NULL, '2023-01-16 16:16:33.140211+00', NULL);
INSERT INTO "SalesLT"."ProductCategory" VALUES ('BRAKES', 'A_COMPT', 'Brakes', NULL, '2023-01-16 16:16:33.140211+00', NULL);
INSERT INTO "SalesLT"."ProductCategory" VALUES ('HANDLB', 'A_COMPT', 'Handlebars', NULL, '2023-01-16 16:16:33.140211+00', NULL);
INSERT INTO "SalesLT"."ProductCategory" VALUES ('MOUNTB', 'A_BIKES', 'Mountain Bikes', NULL, '2023-01-16 16:16:33.140211+00', NULL);
INSERT INTO "SalesLT"."ProductCategory" VALUES ('ROADB', 'A_BIKES', 'Road Bikes', NULL, '2023-01-16 16:16:33.140211+00', NULL);
INSERT INTO "SalesLT"."ProductCategory" VALUES ('ROADFR', 'A_COMPT', 'Road Frames', NULL, '2023-01-16 16:16:33.140211+00', NULL);
INSERT INTO "SalesLT"."ProductCategory" VALUES ('TOURB', 'A_BIKES', 'Touring Bikes', NULL, '2023-01-16 16:16:33.140211+00', NULL);


--
-- TOC entry 3487 (class 0 OID 974896)
-- Dependencies: 225
-- Data for Name: ProductModel; Type: TABLE DATA; Schema: SalesLT; Owner: postgres
--

INSERT INTO "SalesLT"."ProductModel" VALUES (6, 'HL Road Frame', NULL, NULL, '2023-01-16 16:16:33.140211+00');
INSERT INTO "SalesLT"."ProductModel" VALUES (19, 'Mountain-100', '
                        <?xml-stylesheet href="ProductDescription.xsl" type="text/xsl"?><p1:ProductDescription xmlns:p1="http://schemas.microsoft.com/sqlserver/2004/07/adventure-works/ProductModelDescription" xmlns:wm="http://schemas.microsoft.com/sqlserver/2004/07/adventure-works/ProductModelWarrAndMain" xmlns:wf="http://www.adventure-works.com/schemas/OtherFeatures" xmlns:html="http://www.w3.org/1999/xhtml" ProductModelID="19" ProductModelName="Mountain 100"><p1:Summary><html:p>Our top-of-the-line competition mountain bike. 
                        Performance-enhancing options include the innovative HL Frame,
                        super-smooth front suspension, and traction for all terrain.
                        </html:p></p1:Summary><p1:Manufacturer><p1:Name>AdventureWorks</p1:Name><p1:Copyright>2002</p1:Copyright><p1:ProductURL>HTTP://www.Adventure-works.com</p1:ProductURL></p1:Manufacturer><p1:Features>These are the product highlights. 
                        <wm:Warranty><wm:WarrantyPeriod>3 years</wm:WarrantyPeriod><wm:Description>parts and labor</wm:Description></wm:Warranty><wm:Maintenance><wm:NoOfYears>10 years</wm:NoOfYears><wm:Description>maintenance contract available through your dealer or any AdventureWorks retail store.</wm:Description></wm:Maintenance><wf:wheel>High performance wheels.</wf:wheel><wf:saddle><html:i>Anatomic design</html:i> and made from durable leather for a full-day of riding in comfort.</wf:saddle><wf:pedal><html:b>Top-of-the-line</html:b> clipless pedals with adjustable tension.</wf:pedal><wf:BikeFrame>Each frame is hand-crafted in our Bothell facility to the optimum diameter
                        and wall-thickness required of a premium mountain frame.
                        The heat-treated welded aluminum frame has a larger diameter tube that absorbs the bumps.</wf:BikeFrame><wf:crankset> Triple crankset; alumunim crank arm; flawless shifting. </wf:crankset></p1:Features><!-- add one or more of these elements...one for each specific product in this product model --><p1:Picture><p1:Angle>front</p1:Angle><p1:Size>small</p1:Size><p1:ProductPhotoID>118</p1:ProductPhotoID></p1:Picture><!-- add any tags in <specifications> --><p1:Specifications> These are the product specifications.
                        <Material>Almuminum Alloy</Material><Color>Available in most colors</Color><ProductLine>Mountain bike</ProductLine><Style>Unisex</Style><RiderExperience>Advanced to Professional riders</RiderExperience></p1:Specifications></p1:ProductDescription>
                ', NULL, '2023-01-16 16:16:33.140211+00');
INSERT INTO "SalesLT"."ProductModel" VALUES (20, 'Mountain-200', NULL, NULL, '2023-01-16 16:16:33.140211+00');
INSERT INTO "SalesLT"."ProductModel" VALUES (21, 'Mountain-300', NULL, NULL, '2023-01-16 16:16:33.140211+00');
INSERT INTO "SalesLT"."ProductModel" VALUES (25, 'Road-150', '
                        <?xml-stylesheet href="ProductDescription.xsl" type="text/xsl"?><p1:ProductDescription xmlns:p1="http://schemas.microsoft.com/sqlserver/2004/07/adventure-works/ProductModelDescription" xmlns:wm="http://schemas.microsoft.com/sqlserver/2004/07/adventure-works/ProductModelWarrAndMain" xmlns:wf="http://www.adventure-works.com/schemas/OtherFeatures" xmlns:html="http://www.w3.org/1999/xhtml" ProductModelID="25" ProductModelName="Road-150"><p1:Summary><html:p>This bike is ridden by race winners. Developed with the 
                        Adventure Works Cycles professional race team, it has a extremely light
                        heat-treated aluminum frame, and steering that allows precision control.
                        </html:p></p1:Summary><p1:Manufacturer><p1:Name>AdventureWorks</p1:Name><p1:Copyright>2002</p1:Copyright><p1:ProductURL>HTTP://www.Adventure-works.com</p1:ProductURL></p1:Manufacturer><p1:Features>These are the product highlights. 
                        <wm:Warranty><wm:WarrantyPeriod>4 years</wm:WarrantyPeriod><wm:Description>parts and labor</wm:Description></wm:Warranty><wm:Maintenance><wm:NoOfYears>7 years</wm:NoOfYears><wm:Description>maintenance contact available through dealer or any Adventure Works Cycles retail store.</wm:Description></wm:Maintenance><wf:handlebar>Designed for racers; high-end anatomically shaped bar from aluminum alloy.</wf:handlebar><wf:wheel>Strong wheels with double-walled rims.</wf:wheel><wf:saddle><html:i>Lightweight</html:i> kevlar racing saddle.</wf:saddle><wf:pedal><html:b>Top-of-the-line</html:b> clipless pedals with adjustable tension.</wf:pedal><wf:BikeFrame><html:i>Our lightest and best quality</html:i> aluminum frame made from the newest alloy;
                        it is welded and heat-treated for strength.
                        Our innovative design results in maximum comfort and performance.</wf:BikeFrame></p1:Features><!-- add one or more of these elements...one for each specific product in this product model --><p1:Picture><p1:Angle>front</p1:Angle><p1:Size>small</p1:Size><p1:ProductPhotoID>126</p1:ProductPhotoID></p1:Picture><!-- add any tags in <specifications> --><p1:Specifications> These are the product specifications.
                        <Material>Aluminum</Material><Color>Available in all colors.</Color><ProductLine>Road bike</ProductLine><Style>Unisex</Style><RiderExperience>Intermediate to Professional riders</RiderExperience></p1:Specifications></p1:ProductDescription>
                ', NULL, '2023-01-16 16:16:33.140211+00');
INSERT INTO "SalesLT"."ProductModel" VALUES (30, 'Road-650', NULL, NULL, '2023-01-16 16:16:33.140211+00');
INSERT INTO "SalesLT"."ProductModel" VALUES (52, 'LL Mountain Handlebars', NULL, NULL, '2023-01-16 16:16:33.140211+00');
INSERT INTO "SalesLT"."ProductModel" VALUES (54, 'ML Mountain Handlebars', NULL, NULL, '2023-01-16 16:16:33.140211+00');
INSERT INTO "SalesLT"."ProductModel" VALUES (55, 'HL Mountain Handlebars', NULL, NULL, '2023-01-16 16:16:33.140211+00');


--
-- TOC entry 3500 (class 0 OID 975045)
-- Dependencies: 238
-- Data for Name: SalesOrderDetail; Type: TABLE DATA; Schema: SalesLT; Owner: postgres
--

INSERT INTO "SalesLT"."SalesOrderDetail" VALUES (110562, 1000, 1, '2c78e441-69be-46c5-a281-45b690cd1d35', 3578.27, 0.0, NULL, NULL, '2023-01-16 16:16:33.140211+00');
INSERT INTO "SalesLT"."SalesOrderDetail" VALUES (110563, 1000, 2, 'a235d6cd-2e52-4915-834f-fa6921cb66bd', 44.54, 0.0, NULL, NULL, '2023-01-16 16:16:33.140211+00');
INSERT INTO "SalesLT"."SalesOrderDetail" VALUES (110564, 1000, 2, '3df09f4a-6392-45f4-a672-1f7ec1dfa1c7', 1431.5, 0.0, NULL, NULL, '2023-01-16 16:16:33.140211+00');


--
-- TOC entry 3497 (class 0 OID 975001)
-- Dependencies: 235
-- Data for Name: SalesOrderHeader; Type: TABLE DATA; Schema: SalesLT; Owner: postgres
--

INSERT INTO "SalesLT"."SalesOrderHeader" VALUES (1000, 1, '2008-02-20 13:20:10+00', '2008-02-20 13:20:10+00', '2008-03-05 08:10:30+00', 5, true, 'SO-1000', 'PO348186287', '10-4020-000609', 'c56690ce-9e1b-4050-b12a-f8ba4a8aa9ba', 4, 5, 'CAR TRANSPORTATION', NULL, 6530.35, 70.4279, 22.0087, 6622.7866, NULL, NULL, '2008-10-10 00:00:00+00');


--
-- TOC entry 3478 (class 0 OID 974851)
-- Dependencies: 216
-- Data for Name: Address; Type: TABLE DATA; Schema: public; Owner: postgres
--

INSERT INTO public."Address" VALUES (1, '8713 Yosemite Ct.', 'Appt 1', 'Bothell', 'Washington', 'United States', '98011', NULL, '2023-01-16 16:16:33.140211+00');
INSERT INTO public."Address" VALUES (2, '1318 Lasalle Street', 'Appt 2', 'Bothell', 'Washington', 'United States', '98011', NULL, '2023-01-16 16:16:33.140211+00');
INSERT INTO public."Address" VALUES (3, '9178 Jumping St.', 'Appt 3', 'Dallas', 'Texas', 'United States', '75201', NULL, '2023-01-16 16:16:33.140211+00');
INSERT INTO public."Address" VALUES (4, '9228 Via Del Sol', 'Appt 4', 'Phoenix', 'Arizona', 'United States', '85004', NULL, '2023-01-16 16:16:33.140211+00');
INSERT INTO public."Address" VALUES (5, '26910 Indela Road', 'Appt 5', 'Montreal', 'Quebec', 'Canada', 'H1Y 2H5', NULL, '2023-01-16 16:16:33.140211+00');
INSERT INTO public."Address" VALUES (6, '2681 Eagle Peak', 'Appt 6', 'Bellevue', 'Washington', 'United States', '98004', NULL, '2023-01-16 16:16:33.140211+00');
INSERT INTO public."Address" VALUES (7, '7943 Walnut Ave', 'Appt 7', 'Renton', 'Washington', 'United States', '98055', NULL, '2023-01-16 16:16:33.140211+00');
INSERT INTO public."Address" VALUES (8, '6388 Lake City Way', 'Appt 8', 'Burnaby', 'British Columbia', 'Canada', 'V5A 3A6', NULL, '2023-01-16 16:16:33.140211+00');
INSERT INTO public."Address" VALUES (9, '52560 Free Street', 'Appt 9', 'Toronto', 'Ontario', 'Canada', 'M4B 1V7', NULL, '2023-01-16 16:16:33.140211+00');
INSERT INTO public."Address" VALUES (10, '22580 Free Street', 'Appt 10', 'Toronto', 'Ontario', 'Canada', 'M4B 1V7', NULL, '2023-01-16 16:16:33.140211+00');
INSERT INTO public."Address" VALUES (11, '2575 Bloor Street East', 'Appt 11', 'Toronto', 'Ontario', 'Canada', 'M4B 1V6', NULL, '2023-01-16 16:16:33.140211+00');
INSERT INTO public."Address" VALUES (12, 'Station E', 'Appt 12', 'Chalk Riber', 'Ontario', 'Canada', 'K0J 1J0', NULL, '2023-01-16 16:16:33.140211+00');
INSERT INTO public."Address" VALUES (13, '575 Rue St Amable', 'Appt 13', 'Quebec', 'Quebec', 'Canada', 'G1R', NULL, '2023-01-16 16:16:33.140211+00');
INSERT INTO public."Address" VALUES (14, '2512-4th Ave Sw', 'Appt 14', 'Calgary', 'Alberta', 'Canada', 'T2P 2G8', NULL, '2023-01-16 16:16:33.140211+00');
INSERT INTO public."Address" VALUES (15, '55 Lakeshore Blvd East', 'Appt 15', 'Toronto', 'Ontario', 'Canada', 'M4B 1V6', NULL, '2023-01-16 16:16:33.140211+00');
INSERT INTO public."Address" VALUES (16, '6333 Cote Vertu', 'Appt 16', 'Montreal', 'Quebec', 'Canada', 'H1Y 2H5', NULL, '2023-01-16 16:16:33.140211+00');
INSERT INTO public."Address" VALUES (17, '3255 Front Street West', 'Appt 17', 'Toronto', 'Ontario', 'Canada', 'H1Y 2H5', NULL, '2023-01-16 16:16:33.140211+00');
INSERT INTO public."Address" VALUES (18, '2550 Signet Drive', 'Appt 18', 'Weston', 'Ontario', 'Canada', 'H1Y 2H7', NULL, '2023-01-16 16:16:33.140211+00');
INSERT INTO public."Address" VALUES (19, '6777 Kingsway', 'Appt 19', 'Burnaby', 'British Columbia', 'Canada', 'H1Y 2H8', NULL, '2023-01-16 16:16:33.140211+00');
INSERT INTO public."Address" VALUES (20, '5250-505 Burning St', 'Appt 20', 'Vancouver', 'British Columbia', 'Canada', 'H1Y 2H9', NULL, '2023-01-16 16:16:33.140211+00');
INSERT INTO public."Address" VALUES (21, '600 Slater Street', 'Appt 21', 'Ottawa', 'Ontario', 'Canada', 'M9V 4W3', NULL, '2023-01-16 16:16:33.140211+00');


--
-- TOC entry 3490 (class 0 OID 974912)
-- Dependencies: 228
-- Data for Name: Customer; Type: TABLE DATA; Schema: public; Owner: postgres
--

INSERT INTO public."Customer" VALUES ('0415d73c-5a3a-40a9-9610-dcc287d62750', 3, false, 'Ms.', 'Janet', 'M.', 'Gates', NULL, 'Modular Cycle Systems', 'adventure-works\jillian0', 'janet1@adventure-works.com', '710-555-0173', 'ElzTpSNbUW1Ut+L5cWlfR7MF6nBZia8WpmGaQPjLOJA=', 'nm7D5e4=', NULL, '2023-01-16 16:16:33.140211+00', NULL);
INSERT INTO public."Customer" VALUES ('0e90bc0b-4ff4-49e5-ab05-9beefb8be611', 2, false, 'Ms.', 'Donna', 'F.', 'Carreras', NULL, 'Advanced Bike Components', 'adventure-works\jillian0', 'donna0@adventure-works.com', '279-555-0130', 'LNoK27abGQo48gGue3EBV/UrlYSToV0/s87dCRV7uJk=', 'YTNH5Rw=', NULL, '2023-01-16 16:16:33.140211+00', NULL);
INSERT INTO public."Customer" VALUES ('c56690ce-9e1b-4050-b12a-f8ba4a8aa9ba', 1, false, 'Mr.', 'Orlando', 'N.', 'Gee', NULL, 'A Bike Store', 'adventure-works\pamela0', 'orlando0@adventure-works.com', '245-555-0173', 'L/Rlwxzp4w7RWmEgXX+/A7cXaePEPcp+KwQhl2fJL7w=', '1KjXYs4=', NULL, '2023-01-16 16:16:33.140211+00', NULL);
INSERT INTO public."Customer" VALUES ('f37b7881-32ed-42ed-9a78-d23f8fcf3994', 1, false, 'Mr.', 'Keith', 'N.', 'Harris', NULL, 'Progressive Sports', 'adventure-works\david8', 'keith0@adventure-works.com', '170-555-0127', 'YPdtRdvqeAhj6wyxEsFdshBDNXxkCXn+CRgbvJItknw=', 'fs1ZGhY=', NULL, '2023-01-16 16:16:33.140211+00', NULL);


--
-- TOC entry 3495 (class 0 OID 974984)
-- Dependencies: 233
-- Data for Name: CustomerAddress; Type: TABLE DATA; Schema: public; Owner: postgres
--

INSERT INTO public."CustomerAddress" VALUES ('0415d73c-5a3a-40a9-9610-dcc287d62750', 1, 'Main Office', NULL, '2023-01-16 16:16:33.140211+00');
INSERT INTO public."CustomerAddress" VALUES ('0e90bc0b-4ff4-49e5-ab05-9beefb8be611', 2, 'Main Office', NULL, '2023-01-16 16:16:33.140211+00');
INSERT INTO public."CustomerAddress" VALUES ('c56690ce-9e1b-4050-b12a-f8ba4a8aa9ba', 4, 'Main Office', NULL, '2023-01-16 16:16:33.140211+00');
INSERT INTO public."CustomerAddress" VALUES ('c56690ce-9e1b-4050-b12a-f8ba4a8aa9ba', 5, 'Office Depot', NULL, '2023-01-16 16:16:33.140211+00');
INSERT INTO public."CustomerAddress" VALUES ('f37b7881-32ed-42ed-9a78-d23f8fcf3994', 3, 'Main Office', NULL, '2023-01-16 16:16:33.140211+00');


--
-- TOC entry 3480 (class 0 OID 974860)
-- Dependencies: 218
-- Data for Name: Employee; Type: TABLE DATA; Schema: public; Owner: postgres
--

INSERT INTO public."Employee" VALUES (1, 'Pamela', 'Orson', NULL, '2023-01-16 16:16:33.140211+00');
INSERT INTO public."Employee" VALUES (2, 'David', 'Kandle', NULL, '2023-01-16 16:16:33.140211+00');
INSERT INTO public."Employee" VALUES (3, 'Jillian', 'Jon', NULL, '2023-01-16 16:16:33.140211+00');


--
-- TOC entry 3491 (class 0 OID 974925)
-- Dependencies: 229
-- Data for Name: EmployeeAddress; Type: TABLE DATA; Schema: public; Owner: postgres
--

INSERT INTO public."EmployeeAddress" VALUES (1, 6, 'Home', NULL, '2023-01-16 16:16:33.140211+00');
INSERT INTO public."EmployeeAddress" VALUES (2, 7, 'Home', NULL, '2023-01-16 16:16:33.140211+00');
INSERT INTO public."EmployeeAddress" VALUES (3, 8, 'Home', NULL, '2023-01-16 16:16:33.140211+00');


--
-- TOC entry 3481 (class 0 OID 974866)
-- Dependencies: 219
-- Data for Name: Log; Type: TABLE DATA; Schema: public; Owner: postgres
--



--
-- TOC entry 3494 (class 0 OID 974969)
-- Dependencies: 232
-- Data for Name: PostTag; Type: TABLE DATA; Schema: public; Owner: postgres
--

INSERT INTO public."PostTag" VALUES (1, 1);
INSERT INTO public."PostTag" VALUES (1, 2);
INSERT INTO public."PostTag" VALUES (1, 3);
INSERT INTO public."PostTag" VALUES (2, 1);
INSERT INTO public."PostTag" VALUES (2, 4);
INSERT INTO public."PostTag" VALUES (3, 3);
INSERT INTO public."PostTag" VALUES (3, 4);


--
-- TOC entry 3483 (class 0 OID 974872)
-- Dependencies: 221
-- Data for Name: Posts; Type: TABLE DATA; Schema: public; Owner: postgres
--

INSERT INTO public."Posts" VALUES (1, 'Best Boutiques on the Eastside');
INSERT INTO public."Posts" VALUES (2, 'Avoiding over-priced helmets');
INSERT INTO public."Posts" VALUES (3, 'Where to buy Mars Bars');


--
-- TOC entry 3484 (class 0 OID 974879)
-- Dependencies: 222
-- Data for Name: PricesList; Type: TABLE DATA; Schema: public; Owner: postgres
--

INSERT INTO public."PricesList" VALUES ('944563b4-1f40-4218-b896-7fcb71674f43', 'Hollyday price list', NULL, NULL);
INSERT INTO public."PricesList" VALUES ('de60f9fb-7d4f-489a-9aae-2a7f7e4a5f0a', 'Daly price list', NULL, NULL);


--
-- TOC entry 3492 (class 0 OID 974941)
-- Dependencies: 230
-- Data for Name: PricesListCategory; Type: TABLE DATA; Schema: public; Owner: postgres
--

INSERT INTO public."PricesListCategory" VALUES ('944563b4-1f40-4218-b896-7fcb71674f43', 'A_BIKES');
INSERT INTO public."PricesListCategory" VALUES ('944563b4-1f40-4218-b896-7fcb71674f43', 'A_CLOTHE');
INSERT INTO public."PricesListCategory" VALUES ('de60f9fb-7d4f-489a-9aae-2a7f7e4a5f0a', 'A_BIKES');
INSERT INTO public."PricesListCategory" VALUES ('de60f9fb-7d4f-489a-9aae-2a7f7e4a5f0a', 'A_CLOTHE');
INSERT INTO public."PricesListCategory" VALUES ('de60f9fb-7d4f-489a-9aae-2a7f7e4a5f0a', 'A_COMPT');


--
-- TOC entry 3498 (class 0 OID 975031)
-- Dependencies: 236
-- Data for Name: PricesListDetail; Type: TABLE DATA; Schema: public; Owner: postgres
--

INSERT INTO public."PricesListDetail" VALUES ('944563b4-1f40-4218-b896-7fcb71674f43', 'A_BIKES', '675afe19-e2c1-49d9-a3b3-f315c5465862', 'd4276e3d-b9b3-4097-97f2-d0f3be49b209', 'Mountain-100 Silver, 38(Easter 2023)', 3399.99, 10.0, DEFAULT, 1);
INSERT INTO public."PricesListDetail" VALUES ('944563b4-1f40-4218-b896-7fcb71674f43', 'A_BIKES', '7a794cda-4284-450b-b228-acebdf4707f7', '3b2ab0e5-0def-4cc2-8f0c-afbe656f21a6', 'Mountain-200 Black, 46(Easter 2023)', 2294.99, 5.0, DEFAULT, 1);
INSERT INTO public."PricesListDetail" VALUES ('944563b4-1f40-4218-b896-7fcb71674f43', 'A_BIKES', '7e65b4e6-4cff-4050-b71b-6d8a769b450c', 'b70bf0da-8d6b-4476-a61d-f11cccb4767b', 'Mountain-100 Black, 38(Easter 2023)', 3374.99, 30.0, DEFAULT, 0);
INSERT INTO public."PricesListDetail" VALUES ('944563b4-1f40-4218-b896-7fcb71674f43', 'A_BIKES', 'b8209a48-752b-426f-9961-93dc2fa3f269', '515b49ce-92ce-4417-8509-f7f46a75010b', 'Mountain-200 Silver, 38(Easter 2023)', 2319.99, 30.0, DEFAULT, 3);
INSERT INTO public."PricesListDetail" VALUES ('944563b4-1f40-4218-b896-7fcb71674f43', 'A_BIKES', 'e468df91-96c3-4ed4-9a2c-b0ab4c9037d2', '4e3df4db-e39b-4f4b-9b65-a9daf23af484', 'Mountain-200 Black, 38(Easter 2023)', 2294.99, 10.0, DEFAULT, 1);
INSERT INTO public."PricesListDetail" VALUES ('944563b4-1f40-4218-b896-7fcb71674f43', 'A_BIKES', 'e46976c0-20ce-4ea1-960b-7935fe511b13', 'a7b46034-2f7a-4d07-ae73-d489682a7671', 'Mountain-300 Black, 38(Easter 2023)', 1079.99, 5.0, DEFAULT, 1);
INSERT INTO public."PricesListDetail" VALUES ('944563b4-1f40-4218-b896-7fcb71674f43', 'A_BIKES', 'fa17e9c7-ce2d-4b74-a64e-c7cc6f360ab8', '4aebc573-08ef-466f-b54f-6fa1383ecd6b', 'Mountain-200 Black, 42(Easter 2023)', 2294.99, 10.0, DEFAULT, 4);
INSERT INTO public."PricesListDetail" VALUES ('de60f9fb-7d4f-489a-9aae-2a7f7e4a5f0a', 'A_BIKES', '32269632-1640-40c9-8961-67946165d9f7', '3b2ab0e5-0def-4cc2-8f0c-afbe656f21a6', 'Mountain-200 Black, 46', 2294.99, 0.0, DEFAULT, 4);
INSERT INTO public."PricesListDetail" VALUES ('de60f9fb-7d4f-489a-9aae-2a7f7e4a5f0a', 'A_BIKES', '35e2b79e-1bae-4f16-ac3a-a36ed7b7d2d4', '515b49ce-92ce-4417-8509-f7f46a75010b', 'Mountain-200 Silver, 38', 2319.99, 0.0, DEFAULT, 0);
INSERT INTO public."PricesListDetail" VALUES ('de60f9fb-7d4f-489a-9aae-2a7f7e4a5f0a', 'A_BIKES', '7850cd23-1209-49eb-9702-a4b982ba64bb', 'a7b46034-2f7a-4d07-ae73-d489682a7671', 'Mountain-300 Black, 38', 1079.99, 0.0, DEFAULT, 0);
INSERT INTO public."PricesListDetail" VALUES ('de60f9fb-7d4f-489a-9aae-2a7f7e4a5f0a', 'A_BIKES', '9141cd24-8249-4728-b60d-3e18ef968d04', '4aebc573-08ef-466f-b54f-6fa1383ecd6b', 'Mountain-200 Black, 42', 2294.99, 0.0, DEFAULT, 2);
INSERT INTO public."PricesListDetail" VALUES ('de60f9fb-7d4f-489a-9aae-2a7f7e4a5f0a', 'A_BIKES', 'b87bb3e6-24c1-4ac4-9c14-2e04d4a973ec', '4e3df4db-e39b-4f4b-9b65-a9daf23af484', 'Mountain-200 Black, 38', 2294.99, 0.0, DEFAULT, 2);
INSERT INTO public."PricesListDetail" VALUES ('de60f9fb-7d4f-489a-9aae-2a7f7e4a5f0a', 'A_BIKES', 'cfbb6486-e8cd-4080-b34c-dce68ebf5e03', 'd4276e3d-b9b3-4097-97f2-d0f3be49b209', 'Mountain-100 Silver, 38', 3399.99, 0.0, DEFAULT, 3);
INSERT INTO public."PricesListDetail" VALUES ('de60f9fb-7d4f-489a-9aae-2a7f7e4a5f0a', 'A_BIKES', 'd80a9fd5-f347-46a1-8bf0-a949a8de824d', 'b70bf0da-8d6b-4476-a61d-f11cccb4767b', 'Mountain-100 Black, 38', 3374.99, 0.0, DEFAULT, 1);


--
-- TOC entry 3489 (class 0 OID 974905)
-- Dependencies: 227
-- Data for Name: Tags; Type: TABLE DATA; Schema: public; Owner: postgres
--

INSERT INTO public."Tags" VALUES (1, 'Golden');
INSERT INTO public."Tags" VALUES (2, 'Pineapple');
INSERT INTO public."Tags" VALUES (3, 'Girlscout');
INSERT INTO public."Tags" VALUES (4, 'Cookies');


--
-- TOC entry 3507 (class 0 OID 0)
-- Dependencies: 224
-- Name: ProductModel_ProductModelID_seq; Type: SEQUENCE SET; Schema: SalesLT; Owner: postgres
--

SELECT pg_catalog.setval('"SalesLT"."ProductModel_ProductModelID_seq"', 56, false);


--
-- TOC entry 3508 (class 0 OID 0)
-- Dependencies: 237
-- Name: SalesOrderDetail_SalesOrderDetailID_seq; Type: SEQUENCE SET; Schema: SalesLT; Owner: postgres
--

SELECT pg_catalog.setval('"SalesLT"."SalesOrderDetail_SalesOrderDetailID_seq"', 110565, false);


--
-- TOC entry 3509 (class 0 OID 0)
-- Dependencies: 234
-- Name: SalesOrderHeader_SalesOrderID_seq; Type: SEQUENCE SET; Schema: SalesLT; Owner: postgres
--

SELECT pg_catalog.setval('"SalesLT"."SalesOrderHeader_SalesOrderID_seq"', 1001, false);


--
-- TOC entry 3510 (class 0 OID 0)
-- Dependencies: 215
-- Name: Address_AddressID_seq; Type: SEQUENCE SET; Schema: public; Owner: postgres
--

SELECT pg_catalog.setval('public."Address_AddressID_seq"', 22, false);


--
-- TOC entry 3511 (class 0 OID 0)
-- Dependencies: 217
-- Name: Employee_EmployeeId_seq; Type: SEQUENCE SET; Schema: public; Owner: postgres
--

SELECT pg_catalog.setval('public."Employee_EmployeeId_seq"', 4, false);


--
-- TOC entry 3512 (class 0 OID 0)
-- Dependencies: 220
-- Name: Posts_PostId_seq; Type: SEQUENCE SET; Schema: public; Owner: postgres
--

SELECT pg_catalog.setval('public."Posts_PostId_seq"', 4, false);


--
-- TOC entry 3513 (class 0 OID 0)
-- Dependencies: 226
-- Name: Tags_TagId_seq; Type: SEQUENCE SET; Schema: public; Owner: postgres
--

SELECT pg_catalog.setval('public."Tags_TagId_seq"', 5, false);


--
-- TOC entry 3300 (class 2606 OID 974958)
-- Name: Product PK_Product; Type: CONSTRAINT; Schema: SalesLT; Owner: postgres
--

ALTER TABLE ONLY "SalesLT"."Product"
    ADD CONSTRAINT "PK_Product" PRIMARY KEY ("ProductID");


--
-- TOC entry 3280 (class 2606 OID 974889)
-- Name: ProductCategory PK_ProductCategory; Type: CONSTRAINT; Schema: SalesLT; Owner: postgres
--

ALTER TABLE ONLY "SalesLT"."ProductCategory"
    ADD CONSTRAINT "PK_ProductCategory" PRIMARY KEY ("ProductCategoryID");


--
-- TOC entry 3283 (class 2606 OID 974903)
-- Name: ProductModel PK_ProductModel; Type: CONSTRAINT; Schema: SalesLT; Owner: postgres
--

ALTER TABLE ONLY "SalesLT"."ProductModel"
    ADD CONSTRAINT "PK_ProductModel" PRIMARY KEY ("ProductModelID");


--
-- TOC entry 3317 (class 2606 OID 975052)
-- Name: SalesOrderDetail PK_SalesOrderDetail; Type: CONSTRAINT; Schema: SalesLT; Owner: postgres
--

ALTER TABLE ONLY "SalesLT"."SalesOrderDetail"
    ADD CONSTRAINT "PK_SalesOrderDetail" PRIMARY KEY ("SalesOrderDetailID");


--
-- TOC entry 3311 (class 2606 OID 975015)
-- Name: SalesOrderHeader PK_SalesOrderHeader; Type: CONSTRAINT; Schema: SalesLT; Owner: postgres
--

ALTER TABLE ONLY "SalesLT"."SalesOrderHeader"
    ADD CONSTRAINT "PK_SalesOrderHeader" PRIMARY KEY ("SalesOrderID");


--
-- TOC entry 3268 (class 2606 OID 974858)
-- Name: Address PK_Address; Type: CONSTRAINT; Schema: public; Owner: postgres
--

ALTER TABLE ONLY public."Address"
    ADD CONSTRAINT "PK_Address" PRIMARY KEY ("AddressID");


--
-- TOC entry 3289 (class 2606 OID 974919)
-- Name: Customer PK_Customer; Type: CONSTRAINT; Schema: public; Owner: postgres
--

ALTER TABLE ONLY public."Customer"
    ADD CONSTRAINT "PK_Customer" PRIMARY KEY ("CustomerID");


--
-- TOC entry 3306 (class 2606 OID 974989)
-- Name: CustomerAddress PK_CustomerAddress; Type: CONSTRAINT; Schema: public; Owner: postgres
--

ALTER TABLE ONLY public."CustomerAddress"
    ADD CONSTRAINT "PK_CustomerAddress" PRIMARY KEY ("CustomerID", "AddressID");


--
-- TOC entry 3270 (class 2606 OID 974865)
-- Name: Employee PK_Employee; Type: CONSTRAINT; Schema: public; Owner: postgres
--

ALTER TABLE ONLY public."Employee"
    ADD CONSTRAINT "PK_Employee" PRIMARY KEY ("EmployeeId");


--
-- TOC entry 3292 (class 2606 OID 974930)
-- Name: EmployeeAddress PK_EmployeeAddress; Type: CONSTRAINT; Schema: public; Owner: postgres
--

ALTER TABLE ONLY public."EmployeeAddress"
    ADD CONSTRAINT "PK_EmployeeAddress" PRIMARY KEY ("EmployeeID", "AddressID");


--
-- TOC entry 3272 (class 2606 OID 974870)
-- Name: Log PK_Log; Type: CONSTRAINT; Schema: public; Owner: postgres
--

ALTER TABLE ONLY public."Log"
    ADD CONSTRAINT "PK_Log" PRIMARY KEY ("Oid");


--
-- TOC entry 3303 (class 2606 OID 974973)
-- Name: PostTag PK_PostTag; Type: CONSTRAINT; Schema: public; Owner: postgres
--

ALTER TABLE ONLY public."PostTag"
    ADD CONSTRAINT "PK_PostTag" PRIMARY KEY ("PostId", "TagId");


--
-- TOC entry 3274 (class 2606 OID 974878)
-- Name: Posts PK_Posts; Type: CONSTRAINT; Schema: public; Owner: postgres
--

ALTER TABLE ONLY public."Posts"
    ADD CONSTRAINT "PK_Posts" PRIMARY KEY ("PostId");


--
-- TOC entry 3276 (class 2606 OID 974883)
-- Name: PricesList PK_PricesList; Type: CONSTRAINT; Schema: public; Owner: postgres
--

ALTER TABLE ONLY public."PricesList"
    ADD CONSTRAINT "PK_PricesList" PRIMARY KEY ("PriceListId");


--
-- TOC entry 3294 (class 2606 OID 974945)
-- Name: PricesListCategory PK_PricesListCategory; Type: CONSTRAINT; Schema: public; Owner: postgres
--

ALTER TABLE ONLY public."PricesListCategory"
    ADD CONSTRAINT "PK_PricesListCategory" PRIMARY KEY ("PriceListId", "PriceCategoryId");


--
-- TOC entry 3313 (class 2606 OID 975038)
-- Name: PricesListDetail PK_PricesListDetail; Type: CONSTRAINT; Schema: public; Owner: postgres
--

ALTER TABLE ONLY public."PricesListDetail"
    ADD CONSTRAINT "PK_PricesListDetail" PRIMARY KEY ("PriceListId", "PriceCategoryId", "PriceListDettailId");


--
-- TOC entry 3285 (class 2606 OID 974911)
-- Name: Tags PK_Tags; Type: CONSTRAINT; Schema: public; Owner: postgres
--

ALTER TABLE ONLY public."Tags"
    ADD CONSTRAINT "PK_Tags" PRIMARY KEY ("TagId");


--
-- TOC entry 3277 (class 1259 OID 975074)
-- Name: AK_ProductCategory_Name; Type: INDEX; Schema: SalesLT; Owner: postgres
--

CREATE UNIQUE INDEX "AK_ProductCategory_Name" ON "SalesLT"."ProductCategory" USING btree ("Name");


--
-- TOC entry 3281 (class 1259 OID 975076)
-- Name: AK_ProductModel_Name; Type: INDEX; Schema: SalesLT; Owner: postgres
--

CREATE UNIQUE INDEX "AK_ProductModel_Name" ON "SalesLT"."ProductModel" USING btree ("Name");


--
-- TOC entry 3295 (class 1259 OID 975070)
-- Name: AK_Product_Name; Type: INDEX; Schema: SalesLT; Owner: postgres
--

CREATE UNIQUE INDEX "AK_Product_Name" ON "SalesLT"."Product" USING btree ("Name");


--
-- TOC entry 3296 (class 1259 OID 975071)
-- Name: AK_Product_ProductNumber; Type: INDEX; Schema: SalesLT; Owner: postgres
--

CREATE UNIQUE INDEX "AK_Product_ProductNumber" ON "SalesLT"."Product" USING btree ("ProductNumber");


--
-- TOC entry 3278 (class 1259 OID 975075)
-- Name: IX_ProductCategory_ParentProductCategoryId; Type: INDEX; Schema: SalesLT; Owner: postgres
--

CREATE INDEX "IX_ProductCategory_ParentProductCategoryId" ON "SalesLT"."ProductCategory" USING btree ("ParentProductCategoryId");


--
-- TOC entry 3297 (class 1259 OID 975072)
-- Name: IX_Product_ProductCategoryID; Type: INDEX; Schema: SalesLT; Owner: postgres
--

CREATE INDEX "IX_Product_ProductCategoryID" ON "SalesLT"."Product" USING btree ("ProductCategoryID");


--
-- TOC entry 3298 (class 1259 OID 975073)
-- Name: IX_Product_ProductModelID; Type: INDEX; Schema: SalesLT; Owner: postgres
--

CREATE INDEX "IX_Product_ProductModelID" ON "SalesLT"."Product" USING btree ("ProductModelID");


--
-- TOC entry 3314 (class 1259 OID 975077)
-- Name: IX_SalesOrderDetail_ProductID; Type: INDEX; Schema: SalesLT; Owner: postgres
--

CREATE INDEX "IX_SalesOrderDetail_ProductID" ON "SalesLT"."SalesOrderDetail" USING btree ("ProductID");


--
-- TOC entry 3315 (class 1259 OID 975078)
-- Name: IX_SalesOrderDetail_SalesOrderID; Type: INDEX; Schema: SalesLT; Owner: postgres
--

CREATE INDEX "IX_SalesOrderDetail_SalesOrderID" ON "SalesLT"."SalesOrderDetail" USING btree ("SalesOrderID");


--
-- TOC entry 3307 (class 1259 OID 975079)
-- Name: IX_SalesOrderHeader_BillToAddressID; Type: INDEX; Schema: SalesLT; Owner: postgres
--

CREATE INDEX "IX_SalesOrderHeader_BillToAddressID" ON "SalesLT"."SalesOrderHeader" USING btree ("BillToAddressID");


--
-- TOC entry 3308 (class 1259 OID 975080)
-- Name: IX_SalesOrderHeader_CustomerID; Type: INDEX; Schema: SalesLT; Owner: postgres
--

CREATE INDEX "IX_SalesOrderHeader_CustomerID" ON "SalesLT"."SalesOrderHeader" USING btree ("CustomerID");


--
-- TOC entry 3309 (class 1259 OID 975081)
-- Name: IX_SalesOrderHeader_ShipToAddressID; Type: INDEX; Schema: SalesLT; Owner: postgres
--

CREATE INDEX "IX_SalesOrderHeader_ShipToAddressID" ON "SalesLT"."SalesOrderHeader" USING btree ("ShipToAddressID");


--
-- TOC entry 3265 (class 1259 OID 975063)
-- Name: IX_Address_City_StateProvince_PostalCode_CountryRegion; Type: INDEX; Schema: public; Owner: postgres
--

CREATE INDEX "IX_Address_City_StateProvince_PostalCode_CountryRegion" ON public."Address" USING btree ("City", "StateProvince", "PostalCode", "CountryRegion");


--
-- TOC entry 3266 (class 1259 OID 975064)
-- Name: IX_Address_StateProvince; Type: INDEX; Schema: public; Owner: postgres
--

CREATE INDEX "IX_Address_StateProvince" ON public."Address" USING btree ("StateProvince");


--
-- TOC entry 3304 (class 1259 OID 975067)
-- Name: IX_CustomerAddress_AddressID; Type: INDEX; Schema: public; Owner: postgres
--

CREATE INDEX "IX_CustomerAddress_AddressID" ON public."CustomerAddress" USING btree ("AddressID");


--
-- TOC entry 3286 (class 1259 OID 975065)
-- Name: IX_Customer_EmailAddress; Type: INDEX; Schema: public; Owner: postgres
--

CREATE INDEX "IX_Customer_EmailAddress" ON public."Customer" USING btree ("EmailAddress");


--
-- TOC entry 3287 (class 1259 OID 975066)
-- Name: IX_Customer_EmployeeID; Type: INDEX; Schema: public; Owner: postgres
--

CREATE INDEX "IX_Customer_EmployeeID" ON public."Customer" USING btree ("EmployeeID");


--
-- TOC entry 3290 (class 1259 OID 975068)
-- Name: IX_EmployeeAddress_AddressID; Type: INDEX; Schema: public; Owner: postgres
--

CREATE INDEX "IX_EmployeeAddress_AddressID" ON public."EmployeeAddress" USING btree ("AddressID");


--
-- TOC entry 3301 (class 1259 OID 975069)
-- Name: IX_PostTag_TagId; Type: INDEX; Schema: public; Owner: postgres
--

CREATE INDEX "IX_PostTag_TagId" ON public."PostTag" USING btree ("TagId");


--
-- TOC entry 3318 (class 2606 OID 974890)
-- Name: ProductCategory FK_ProductCategory_ProductCategory_ParentProductCategoryId; Type: FK CONSTRAINT; Schema: SalesLT; Owner: postgres
--

ALTER TABLE ONLY "SalesLT"."ProductCategory"
    ADD CONSTRAINT "FK_ProductCategory_ProductCategory_ParentProductCategoryId" FOREIGN KEY ("ParentProductCategoryId") REFERENCES "SalesLT"."ProductCategory"("ProductCategoryID");


--
-- TOC entry 3323 (class 2606 OID 974959)
-- Name: Product FK_Product_ProductCategory_ProductCategoryID; Type: FK CONSTRAINT; Schema: SalesLT; Owner: postgres
--

ALTER TABLE ONLY "SalesLT"."Product"
    ADD CONSTRAINT "FK_Product_ProductCategory_ProductCategoryID" FOREIGN KEY ("ProductCategoryID") REFERENCES "SalesLT"."ProductCategory"("ProductCategoryID");


--
-- TOC entry 3324 (class 2606 OID 974964)
-- Name: Product FK_Product_ProductModel_ProductModelID; Type: FK CONSTRAINT; Schema: SalesLT; Owner: postgres
--

ALTER TABLE ONLY "SalesLT"."Product"
    ADD CONSTRAINT "FK_Product_ProductModel_ProductModelID" FOREIGN KEY ("ProductModelID") REFERENCES "SalesLT"."ProductModel"("ProductModelID");


--
-- TOC entry 3333 (class 2606 OID 975053)
-- Name: SalesOrderDetail FK_SalesOrderDetail_Product_ProductID; Type: FK CONSTRAINT; Schema: SalesLT; Owner: postgres
--

ALTER TABLE ONLY "SalesLT"."SalesOrderDetail"
    ADD CONSTRAINT "FK_SalesOrderDetail_Product_ProductID" FOREIGN KEY ("ProductID") REFERENCES "SalesLT"."Product"("ProductID");


--
-- TOC entry 3334 (class 2606 OID 975058)
-- Name: SalesOrderDetail FK_SalesOrderDetail_SalesOrderHeader_SalesOrderID; Type: FK CONSTRAINT; Schema: SalesLT; Owner: postgres
--

ALTER TABLE ONLY "SalesLT"."SalesOrderDetail"
    ADD CONSTRAINT "FK_SalesOrderDetail_SalesOrderHeader_SalesOrderID" FOREIGN KEY ("SalesOrderID") REFERENCES "SalesLT"."SalesOrderHeader"("SalesOrderID") ON DELETE CASCADE;


--
-- TOC entry 3329 (class 2606 OID 975016)
-- Name: SalesOrderHeader FK_SalesOrderHeader_Address_BillTo_AddressID; Type: FK CONSTRAINT; Schema: SalesLT; Owner: postgres
--

ALTER TABLE ONLY "SalesLT"."SalesOrderHeader"
    ADD CONSTRAINT "FK_SalesOrderHeader_Address_BillTo_AddressID" FOREIGN KEY ("BillToAddressID") REFERENCES public."Address"("AddressID");


--
-- TOC entry 3330 (class 2606 OID 975021)
-- Name: SalesOrderHeader FK_SalesOrderHeader_Address_ShipTo_AddressID; Type: FK CONSTRAINT; Schema: SalesLT; Owner: postgres
--

ALTER TABLE ONLY "SalesLT"."SalesOrderHeader"
    ADD CONSTRAINT "FK_SalesOrderHeader_Address_ShipTo_AddressID" FOREIGN KEY ("ShipToAddressID") REFERENCES public."Address"("AddressID");


--
-- TOC entry 3331 (class 2606 OID 975026)
-- Name: SalesOrderHeader FK_SalesOrderHeader_Customer_CustomerID; Type: FK CONSTRAINT; Schema: SalesLT; Owner: postgres
--

ALTER TABLE ONLY "SalesLT"."SalesOrderHeader"
    ADD CONSTRAINT "FK_SalesOrderHeader_Customer_CustomerID" FOREIGN KEY ("CustomerID") REFERENCES public."Customer"("CustomerID");


--
-- TOC entry 3327 (class 2606 OID 974990)
-- Name: CustomerAddress FK_CustomerAddress_Address_AddressID; Type: FK CONSTRAINT; Schema: public; Owner: postgres
--

ALTER TABLE ONLY public."CustomerAddress"
    ADD CONSTRAINT "FK_CustomerAddress_Address_AddressID" FOREIGN KEY ("AddressID") REFERENCES public."Address"("AddressID");


--
-- TOC entry 3328 (class 2606 OID 974995)
-- Name: CustomerAddress FK_CustomerAddress_Customer_CustomerID; Type: FK CONSTRAINT; Schema: public; Owner: postgres
--

ALTER TABLE ONLY public."CustomerAddress"
    ADD CONSTRAINT "FK_CustomerAddress_Customer_CustomerID" FOREIGN KEY ("CustomerID") REFERENCES public."Customer"("CustomerID");


--
-- TOC entry 3319 (class 2606 OID 974920)
-- Name: Customer FK_Customer_Employee_EmployeeID; Type: FK CONSTRAINT; Schema: public; Owner: postgres
--

ALTER TABLE ONLY public."Customer"
    ADD CONSTRAINT "FK_Customer_Employee_EmployeeID" FOREIGN KEY ("EmployeeID") REFERENCES public."Employee"("EmployeeId");


--
-- TOC entry 3320 (class 2606 OID 974931)
-- Name: EmployeeAddress FK_EmployeeAddress_Address_AddressID; Type: FK CONSTRAINT; Schema: public; Owner: postgres
--

ALTER TABLE ONLY public."EmployeeAddress"
    ADD CONSTRAINT "FK_EmployeeAddress_Address_AddressID" FOREIGN KEY ("AddressID") REFERENCES public."Address"("AddressID");


--
-- TOC entry 3321 (class 2606 OID 974936)
-- Name: EmployeeAddress FK_EmployeeAddress_Employee_EmployeeID; Type: FK CONSTRAINT; Schema: public; Owner: postgres
--

ALTER TABLE ONLY public."EmployeeAddress"
    ADD CONSTRAINT "FK_EmployeeAddress_Employee_EmployeeID" FOREIGN KEY ("EmployeeID") REFERENCES public."Employee"("EmployeeId");


--
-- TOC entry 3325 (class 2606 OID 974974)
-- Name: PostTag FK_PostTag_Posts; Type: FK CONSTRAINT; Schema: public; Owner: postgres
--

ALTER TABLE ONLY public."PostTag"
    ADD CONSTRAINT "FK_PostTag_Posts" FOREIGN KEY ("PostId") REFERENCES public."Posts"("PostId");


--
-- TOC entry 3326 (class 2606 OID 974979)
-- Name: PostTag FK_PostTag_Tags; Type: FK CONSTRAINT; Schema: public; Owner: postgres
--

ALTER TABLE ONLY public."PostTag"
    ADD CONSTRAINT "FK_PostTag_Tags" FOREIGN KEY ("TagId") REFERENCES public."Tags"("TagId");


--
-- TOC entry 3322 (class 2606 OID 974946)
-- Name: PricesListCategory FK_PricesListCategory_PricesList_PriceListId; Type: FK CONSTRAINT; Schema: public; Owner: postgres
--

ALTER TABLE ONLY public."PricesListCategory"
    ADD CONSTRAINT "FK_PricesListCategory_PricesList_PriceListId" FOREIGN KEY ("PriceListId") REFERENCES public."PricesList"("PriceListId") ON DELETE CASCADE;


--
-- TOC entry 3332 (class 2606 OID 975039)
-- Name: PricesListDetail FK_PricesListDetail_PricesListCategory_PriceListId_PriceCatego~; Type: FK CONSTRAINT; Schema: public; Owner: postgres
--

ALTER TABLE ONLY public."PricesListDetail"
    ADD CONSTRAINT "FK_PricesListDetail_PricesListCategory_PriceListId_PriceCatego~" FOREIGN KEY ("PriceListId", "PriceCategoryId") REFERENCES public."PricesListCategory"("PriceListId", "PriceCategoryId") ON DELETE CASCADE;


-- Completed on 2023-01-16 17:17:18

--
-- PostgreSQL database dump complete
--

